{
    "author" : [
        "RePulsR",
        "TrustyJAID"
    ],
    "bot_version" : "3.1.3",
    "description" : "Log changes within the server using extended modlogs, an extension of RedBot cores modlog.",
    "disabled" : false,
    "hidden" : false,
    "install_msg" : "Please ensure that the modlog cog is loaded for this cog to work. The channel is set via `[p]modlogset modlog #channel`.",
    "min_python_version" : [
        3,
        6,
        2
    ],
    "name" : "ExtendedModLog",
    "permissions" : [
        "embed_links"
    ],
    "required_cogs" : [],
    "requirements" : [],
    "short" : "ExtendedModLog, track changes made in the server.",
    "tags" : [],
    "type" : "COG"
}