{
    "author" : [
        "TrustyJAID"
    ],
    "bot_version" : [
        3,
        0,
        0
    ],
    "description" : "Gathers stats from Runescape API endpoints.",
    "disabled" : false,
    "hidden" : false,
    "install_msg" : "gathers runescape stats and information.",
    "min_python_version" : [
        3,
        6,
        2
    ],
    "name" : "runescape",
    "permissions" : [
        "embed_links"
    ],
    "required_cogs" : [],
    "requirements" : [
        "tabulate"
    ],
    "short" : "Runescape",
    "tags" : [
        "rune",
        "games"
    ],
    "type" : "COG"
}