{
    "author" : [
        "Airen",
        "JennJenn",
        "TrustyJAID"
    ],
    "bot_version" : [
        3,
        0,
        0
    ],
    "description" : "Insult people in a creative way",
    "disabled" : false,
    "hidden" : false,
    "install_msg" : "Usage: `[p]insult <user>`",
    "min_python_version" : [
        3,
        6,
        2
    ],
    "name" : "Insult",
    "permissions" : [],
    "required_cogs" : [],
    "requirements" : [],
    "short" : "Insult people in a creative way",
    "tags" : [
        "fun",
        "insults"
    ],
    "type" : "COG"
}