{
    "author" : [
        "TrustyJAID"
    ],
    "bot_version" : [
        3,
        0,
        0
    ],
    "description" : "Create your own 3 letter agency badge! Works with gif avatars too.",
    "disabled" : false,
    "hidden" : false,
    "install_msg" : "This cog comes with a bundled data folder containing fonts. Type [p]badges to see what badges are available!",
    "min_python_version" : [
        3,
        6,
        2
    ],
    "name" : "Badges",
    "permissions" : [
        "attach_files"
    ],
    "required_cogs" : [],
    "requirements" : [
        "pillow"
    ],
    "short" : "Create your own badge!",
    "tags" : [],
    "type" : "COG"
}