{
    "author" : [
        "Twentysix",
        "TrustyJAID"
    ],
    "bot_version" : [
        3,
        0,
        0
    ],
    "description" : "Allows for interaction with cleverbot.com through mention/command",
    "disabled" : false,
    "hidden" : false,
    "install_msg" : "Needs to be setup with an API key first. See `[p]cleverbotset apikey` / `[p]cleverbotset ioapikey`\n[p]cleverbot <text>` to talk with cleverbot.\n`@Mention <text>` works too.\n`[p]cleverbotset toggle` toggles replies by mention.",
    "min_python_version" : [
        3,
        6,
        2
    ],
    "name" : "Cleverbot",
    "permissions" : [],
    "required_cogs" : [],
    "requirements" : [],
    "short" : "Talk with Cleverbot!",
    "tags" : [],
    "type" : "COG"
}
