{
    "author" : [
        "TrustyJAID"
    ],
    "bot_version" : [
        3,
        0,
        0
    ],
    "description" : "Set a channel to show which anime is currently airing!",
    "disabled" : true,
    "hidden" : true,
    "install_msg" : "Type [p]anime channel to setup a channel for latest anime episodes airing",
    "min_python_version" : [
        3,
        6,
        2
    ],
    "name" : "Anime",
    "permissions" : [
        "embed_links"
    ],
    "required_cogs" : [],
    "requirements" : [],
    "short" : "Anime episode updates",
    "tags" : [],
    "type" : "COG"
}