{
    "author" : [
        "TrustyJAID"
    ],
    "bot_version" : [
        3,
        0,
        0
    ],
    "description" : "DNA and binary encoding/decoding and hashing of messages",
    "disabled" : false,
    "hidden" : false,
    "install_msg" : "Do `[p]encode`, `[p]decode` or `[p]help hash` to see available commands.",
    "min_python_version" : [
        3,
        6,
        2
    ],
    "name" : "encoding",
    "permissions" : [],
    "required_cogs" : [],
    "requirements" : [],
    "short" : "Encode or decode different ways.",
    "tags" : [
        "encoding",
        "rot",
        "caeser cipher"
    ],
    "type" : "COG"
}