{
    "author" : [
        "palmtree5",
        "TrustyJAID"
    ],
    "bot_version" : [
        3,
        0,
        0
    ],
    "description" : "Gets the latest Tweet from twitter accounts and posts them in the specified channels",
    "disabled" : false,
    "hidden" : false,
    "install_msg" : "`[p]tweets` to see commands. Make sure to do pip3 install tweepy before using this plugin. Do [p]tweetset to find commands for setting consumer key and secret and access token and secret. If you need these, visit https://apps.twitter.com/ and create an application. This plugin only needs read only permissions as it will only read public information",
    "min_python_version" : [
        3,
        6,
        2
    ],
    "name" : "Tweets",
    "permissions" : [
        "embed_links"
    ],
    "required_cogs" : [],
    "requirements" : [
        "tweepy"
    ],
    "short" : "Cog for getting info from Twitter",
    "tags" : [
        "twitter",
        "tweets"
    ],
    "type" : "COG"
}