{
    "author" : [
        "DankMemer Team",
        "TrustyJAID"
    ],
    "bot_version" : [
        3,
        0,
        0
    ],
    "description" : "Create a crab rave.",
    "disabled" : false,
    "hidden" : false,
    "install_msg" : "This cog requires FFMPEG and moviepy (https://github.com/Zulko/moviepy) to work, please install that before trying. This cog downloads a template video and font file which is then saved locally and generates crab rave videos from the template. Old videos are deleted after uploading. This cog may consume heavy resources rendering videos.",
    "min_python_version" : [
        3,
        6,
        2
    ],
    "name" : "CrabRave",
    "permissions" : [
        "attach_files"
    ],
    "required_cogs" : [],
    "requirements" : [
        "moviepy"
    ],
    "short" : "Make Crab rave videos, in discord!",
    "tags" : [
        "fun"
    ],
    "type" : "COG"
}