{
    "author" : [
        "TrustyJAID"
    ],
    "bot_version" : [
        3,
        0,
        0
    ],
    "description" : "Show Destiny 2 information from the bungie API",
    "disabled" : false,
    "hidden" : false,
    "install_msg" : "Use `[p]destiny` to see available commands. Note: This cog will download ~160 MB of data to more efficiently search for item names.",
    "min_python_version" : [
        3,
        6,
        2
    ],
    "name" : "Destiny",
    "permissions" : [
        "embed_links"
    ],
    "required_cogs" : [],
    "requirements" : [],
    "short" : "Destiny 2 information",
    "tags" : [
        "destiny",
        "gaming",
        "games"
    ],
    "type" : "COG"
}