{
    "author" : [
        "TrustyJAID"
    ],
    "bot_version" : [
        3,
        0,
        0
    ],
    "description" : "Get a plethora of information about elements on the periodic table",
    "disabled" : false,
    "hidden" : false,
    "install_msg" : "Do `[p]element <name|number|symbol>` to see info about the element. do `[p]ptable` to get a menu of all elements on the periodic table.",
    "min_python_version" : [
        3,
        6,
        2
    ],
    "name" : "Elements",
    "permissions" : [
        "embed_links"
    ],
    "required_cogs" : [],
    "requirements" : [
        "mendeleev"
    ],
    "short" : "Periodic table of elements",
    "tags" : [
        "science",
        "elements"
    ],
    "type" : "COG"
}