{
    "author" : [
        "TrustyJAID"
    ],
    "bot_version" : [
        3,
        0,
        0
    ],
    "description" : "Receive notifications from adventure activities!",
    "disabled" : false,
    "hidden" : false,
    "install_msg" : "Make sure you're running the latest version of adventure from https://github.com/aikaterna/gobcog",
    "min_python_version" : [
        3,
        6,
        2
    ],
    "name" : "AdventureAlert",
    "permissions" : [],
    "required_cogs" : ["adventure"],
    "requirements" : [],
    "short" : "Receive notifications from adventure activities!",
    "tags" : [
        "fun",
        "adventure"
    ],
    "type" : "COG"
}