{
    "author" : [
        "TrustyJAID"
    ],
    "bot_version" : [
        3,
        0,
        0
    ],
    "description" : "Post spoiler messages through the bot.",
    "disabled" : false,
    "hidden" : false,
    "install_msg" : "Use `[p]spoiler spoiler message` to post a spoiler message, react to be DM'd the spoiler.",
    "min_python_version" : [
        3,
        6,
        2
    ],
    "name" : "Spoiler",
    "permissions" : [
        "manage_messages",
        "add_reactions"
    ],
    "required_cogs" : [],
    "requirements" : [],
    "short" : "Spoiler messages",
    "tags" : [],
    "type" : "COG"
}