{
    "author" : [
        "TrustyJAID"
    ],
    "bot_version" : [
        3,
        0,
        0
    ],
    "description" : "Have the bot correct the current year to the Juche Calendar",
    "disabled" : true,
    "hidden" : true,
    "install_msg" : "Various commands.",
    "min_python_version" : [
        3,
        6,
        2
    ],
    "name" : "Juche",
    "permissions" : [],
    "required_cogs" : [],
    "requirements" : [],
    "short" : "I think the year is actually 101.",
    "tags" : [],
    "type" : "COG"
}