{
    "author" : [
        "TrustyJAID"
    ],
    "bot_version" : [
        3,
        0,
        0
    ],
    "description" : "Covfefeify almost any word!",
    "disabled" : false,
    "hidden" : false,
    "install_msg" : "Use [p]covefy <word> to convert almost any word into covfefe",
    "min_python_version" : [
        3,
        6,
        2
    ],
    "name" : "Covfefe",
    "permissions" : [],
    "required_cogs" : [],
    "requirements" : [],
    "short" : "Despite the negative press, covfefe",
    "tags" : [],
    "type" : "COG"
}