{
    "author" : [
        "TrustyJAID"
    ],
    "bot_version" : [
        3,
        0,
        0
    ],
    "description" : "Mock another user!",
    "disabled" : false,
    "hidden" : false,
    "install_msg" : "Type `[p]mock` to mock the last user to post. If you need the core dev commands start the bot without the `--dev` flag and install the dev cog in my repo that replaces its `mock` with `sudo` like V2.",
    "min_python_version" : [
        3,
        6,
        2
    ],
    "name" : "Mock",
    "permissions" : [
        "embed_links"
    ],
    "required_cogs" : [],
    "requirements" : [],
    "short" : "Mock another user!",
    "tags" : [
        "fun",
        "memes"
    ],
    "type" : "COG"
}