{
    "author" : [
        "TrustyJAID"
    ],
    "bot_version" : [
        3,
        0,
        0
    ],
    "description" : "Get information about servers the bot is on.",
    "disabled" : false,
    "hidden" : false,
    "install_msg" : "Use `[p]setguildjoin` to set a channel to see all new servers the bot is added to and some information about them.",
    "min_python_version" : [
        3,
        6,
        2
    ],
    "name" : "ServerStats",
    "permissions" : [
        "read_message_history",
        "embed_links"
    ],
    "required_cogs" : [],
    "requirements" : [
        "unidecode",
        "pytz",
        "python-dateutil"
    ],
    "short" : "Get various stats about servers the bot is on.",
    "tags" : [
        "stats"
    ],
    "type" : "COG"
}