{
    "author" : [
        "TrustyJAID"
    ],
    "bot_version" : "3.0.0",
    "description" : "Trigger events based on regular expressions",
    "disabled" : false,
    "hidden" : false,
    "install_msg" : "Add trigger responses to regex, see <https://regex101.com/> for help building regex expressions. This will create and save files/images locally for those triggers. To use resized images pillow must be installed although this is not a requirement for other triggers. For a simple guide on how to use the features of this cog check out https://github.com/TrustyJAID/Trusty-cogs/blob/master/retrigger/README.md",
    "min_python_version" : [
        3,
        6,
        2
    ],
    "name" : "Trigger events via regular expressions",
    "permissions" : [
        "embed_links"
    ],
    "required_cogs" : [],
    "requirements" : [],
    "short" : "ReTrigger",
    "tags" : [
        "trigger",
        "reactions"
    ],
    "type" : "COG"
}