{
    "author" : [
        "TrustyJAID"
    ],
    "bot_version" : [
        3,
        0,
        0
    ],
    "description" : "Create a starboard channel to save those amazing posts!",
    "disabled" : false,
    "hidden" : false,
    "install_msg" : "Create a starboard!",
    "min_python_version" : [
        3,
        6,
        2
    ],
    "name" : "Starboard",
    "permissions" : [
        "embed_links"
    ],
    "required_cogs" : [],
    "requirements" : [],
    "short" : "Starboard",
    "tags" : [
        "starboard",
        "star"
    ],
    "type" : "COG"
}