[{"corners":[[0,0],[0,0],[0,0]],"file":"Trump_00.png","show":false},{"corners":[[0,0],[0,0],[0,0]],"file":"Trump_02.png","show":false},{"corners":[[0,0],[0,0],[0,0]],"file":"Trump_03.png","show":false},{"corners":[[0,0],[0,0],[0,0]],"file":"Trump_05.png","show":false},{"corners":[[0,0],[0,0],[0,0]],"file":"Trump_06.png","show":false},{"corners":[[0,0],[0,0],[0,0]],"file":"Trump_07.png","show":false},{"corners":[[0,0],[0,0],[0,0]],"file":"Trump_08.png","show":false},{"corners":[[0,0],[0,0],[0,0]],"file":"Trump_09.png","show":false},{"corners":[[0,0],[0,0],[0,0]],"file":"Trump_11.png","show":false},{"corners":[[0,0],[0,0],[0,0]],"file":"Trump_12.png","show":false},{"corners":[[0,0],[0,0],[0,0]],"file":"Trump_14.png","show":false},{"corners":[[0,0],[0,0],[0,0]],"file":"Trump_15.png","show":false},{"corners":[[0,0],[0,0],[0,0]],"file":"Trump_16.png","show":false},{"corners":[[0,0],[0,0],[0,0]],"file":"Trump_17.png","show":false},{"corners":[[0,0],[0,0],[0,0]],"file":"Trump_18.png","show":false},{"corners":[[0,0],[0,0],[0,0]],"file":"Trump_21.png","show":false},{"corners":[[0,0],[0,0],[0,0]],"file":"Trump_22.png","show":false},{"corners":[[0,0],[0,0],[0,0]],"file":"Trump_24.png","show":false},{"corners":[[245,168],[206,190],[173,190]],"file":"Trump_25.png","show":true},{"corners":[[241.0,144],[216,177],[166,177.5]],"file":"Trump_26.png","show":true},{"corners":[[224.5,112.0],[253,152],[160,168]],"file":"Trump_28.png","show":true},{"corners":[[213,102],[268,141],[161,169]],"file":"Trump_29.png","show":true},{"corners":[[200,95],[272,129],[164,169]],"file":"Trump_30.png","show":true},{"corners":[[170.5,95.5],[238,110],[160,175]],"file":"Trump_32.png","show":true},{"corners":[[157.0,97.5],[219,106],[157.0,178.0]],"file":"Trump_33.png","show":true},{"corners":[[144,101],[199,103],[151,180]],"file":"Trump_35.png","show":true},{"corners":[[147,101],[202,104],[153,180]],"file":"Trump_37.png","show":true},{"corners":[[145,100],[202,103],[151,179]],"file":"Trump_38.png","show":true},{"corners":[[140,101],[202,105],[143,180]],"file":"Trump_39.png","show":true},{"corners":[[107,104],[182,108],[104,185]],"file":"Trump_41.png","show":true},{"corners":[[84,102],[163,107],[80,185]],"file":"Trump_42.png","show":true},{"corners":[[69.5,101],[148,107],[62.5,185]],"file":"Trump_43.png","show":true},{"corners":[[60,102],[137,108],[53,185]],"file":"Trump_44.png","show":true},{"corners":[[58.0,104],[134,110],[49.0,186.0]],"file":"Trump_45.png","show":true},{"corners":[[62.0,102],[137,109],[53.0,184]],"file":"Trump_46.png","show":true},{"corners":[[83.5,98],[138,111],[66,178]],"file":"Trump_47.png","show":true},{"corners":[[11,23],[39,18],[22,53]],"file":"Trump_48.png","show":false},{"corners":[[11,23],[39,18],[22,53]],"file":"Trump_49.png","show":false},{"corners":[[11,23],[39,18],[22,53]],"file":"Trump_50.png","show":false},{"corners":[[11,23],[39,18],[22,53]],"file":"Trump_51.png","show":false},{"corners":[[11,23],[39,18],[22,53]],"file":"Trump_52.png","show":false},{"corners":[[11,23],[39,18],[22,53]],"file":"Trump_54.png","show":false},{"corners":[[11,23],[39,18],[22,53]],"file":"Trump_55.png","show":false},{"corners":[[11,23],[39,18],[22,53]],"file":"Trump_57.png","show":false},{"corners":[[11,23],[39,18],[22,53]],"file":"Trump_59.png","show":false},{"corners":[[11,23],[39,18],[22,53]],"file":"Trump_60.png","show":false},{"corners":[[11,23],[39,18],[22,53]],"file":"Trump_62.png","show":false}]