{
    "author" : [
        "Appu",
        "TrustyJAID"
    ],
    "bot_version" : [
        3,
        0,
        0
    ],
    "description" : "All sorts of commands that users may find fun or useful",
    "disabled" : false,
    "hidden" : false,
    "install_msg" : "Type `[p]help` to see all the commands.",
    "min_python_version" : [
        3,
        6,
        2
    ],
    "name" : "Fun",
    "permissions" : [
        "add_reactions"
    ],
    "required_cogs" : [],
    "requirements" : [],
    "short" : "Various fun commands like react, textflip, and regional",
    "tags" : [],
    "type" : "COG"
}