{
    "author" : ["TrustyJAID"],
    "install_msg" : "Thanks for checking out my cogs!\nFor issues, bugs, or suggestions contact me in the discord support server here: https://discord.gg/c6HQUb7\nFor more information on my cogs go to my github here: <https://github.com/TrustyJAID/Trusty-cogs>",
    "name" : "Trusty-cogs",
    "short" : "Cogs by TrustyJAID inspired by many.",
    "description" : "A plethora of potentially useful commands and functions for your bot. Create a starboard, trigger automatic responses, or even create your own fun badges.",
    "tags" : ["Fun", "Hockey", "Images", "Badges", "Utility", "Starboard", "Trigger"]
}