{
    "author" : [
        "TrustyJAID"
    ],
    "bot_version" : [
        3,
        0,
        0
    ],
    "description" : "Gather hockey information from nhl.com and display in discord.",
    "disabled" : false,
    "hidden" : false,
    "install_msg" : "Use `[p]hockey`, `[p]hockeyset` and `[p]gdc` to see what commands are available. If you want the emojis to work please ask <@218773382617890828> to add your bot to his server hosting the emojis.",
    "min_python_version" : [
        3,
        6,
        2
    ],
    "name" : "Hockey",
    "permissions" : [
        "embed_links",
        "manage_messages",
        "manage_channels"
    ],
    "required_cogs" : [],
    "requirements" : [
        "pytz"
    ],
    "short" : "Hockey commands",
    "tags" : [
        "hockey",
        "nhl"
    ],
    "type" : "COG"
}