{
    "author" : [
        "Airen",
        "JennJenn",
        "TrustyJAID"
    ],
    "bot_version" : [
        3,
        0,
        0
    ],
    "description" : "Compliment people in a creative way",
    "disabled" : false,
    "hidden" : false,
    "install_msg" : "Usage: `[p]compliment <user>`",
    "min_python_version" : [
        3,
        6,
        2
    ],
    "name" : "Compliment",
    "permissions" : [],
    "required_cogs" : [],
    "requirements" : [],
    "short" : "Compliment people in a creative way",
    "tags" : [],
    "type" : "COG"
}