{
    "author" : [
        "TrustyJAID"
    ],
    "bot_version" : [
        3,
        0,
        0
    ],
    "description" : "Gatehr Qanon posts from 8chan",
    "disabled" : true,
    "hidden" : true,
    "install_msg" : "This cog will create a folder and save some files locally. Do `[p]qchannel` to setup a channel for new posts.",
    "min_python_version" : [
        3,
        6,
        2
    ],
    "name" : "QPosts",
    "permissions" : [],
    "required_cogs" : [],
    "requirements" : [],
    "short" : "",
    "tags" : [],
    "type" : "COG"
}