{
    "author" : [
        "TrustyJAID"
    ],
    "bot_version" : [
        3,
        0,
        0
    ],
    "description" : "Toggle APNG message automatic deletion.",
    "disabled" : false,
    "hidden" : false,
    "install_msg" : "Do `[p]apngfilter` to toggle servers automatically deleting APNG files.",
    "min_python_version" : [
        3,
        6,
        2
    ],
    "name" : "APNGFilter",
    "permissions" : [
        "manage_messages"
    ],
    "required_cogs" : [],
    "requirements" : [],
    "short" : "Toggle APNG message automatic deletion.",
    "tags" : [
        "utility"
    ],
    "type" : "COG"
}